sku,grid,grid_type,plan_qty,landed_qty,in_plan,boxes,volu,sku_planned_grids
106101097601802,004,分类,29,0,Y,,H-01-AB,004
106301209506204,001,分类,3,0,Y,,H-01-AB,001
1123103160402,002,分类,20,0,Y,,H-01-AB,002
1142150780907,003,分类,24,0,Y,,H-01-AB,003
1142150980902,001,分类,1,0,Y,,H-01-AB,001
115215009601804,001,分类,10,0,Y,,H-01-AB,001
116215084703302,002,分类,18,0,Y,,H-01-AB,002
1213100280903,003,分类,25,0,Y,,H-01-AB,003
1222200260438,002,分类,17,0,Y,,H-01-AB,002
1223103260403,001,分类,7,0,Y,,H-01-AB,001
1232122271904,001,分类,3,0,Y,,H-01-AB,001
12330602504803,002,分类,19,0,Y,,H-01-AB,002
1234010650903,001,分类,9,0,Y,,H-01-AB,001
1234010660406,001,分类,14,0,Y,,H-01-AB,001
1234016425701,001,分类,2,0,Y,,H-01-AB,001
1242122034601,001,分类,12,0,Y,,H-01-AB,001
12421220411503,001,分类,4,0,Y,,H-01-AB,001
1242125480303,001,分类,5,0,Y,,H-01-AB,001
1242141461802,002,分类,21,0,Y,,H-01-AB,002
1242151080903,005,发货,1,0,Y,,H-01-AB,"005,006"
1242151080903,006,异常,27,0,Y,,H-01-AB,"005,006"
1242151080906,005,发货,1,0,Y,,H-01-AB,"005,006"
1242151080906,006,异常,25,0,Y,,H-01-AB,"005,006"
12431539061803,003,分类,23,0,Y,,H-01-AB,003
125110022800302,001,分类,6,0,Y,,H-01-AB,001
125351024111903,001,分类,15,0,Y,,H-01-AB,001
126214031601802,002,分类,22,0,Y,,H-01-AB,002
1283102011403,001,分类,8,0,Y,,H-01-AB,001
13430717361814,001,分类,13,0,Y,,H-01-AB,001
16404442202200,001,分类,11,0,Y,,H-01-AB,001
166025072411500,005,发货,1,0,Y,,H-01-AB,"005,006"
166025072411500,006,异常,26,0,Y,,H-01-AB,"005,006"
